{"cameraMode":{"drawMode":0,"name":"Shaded","section":"Shading Mode"},"sceneLighting":true,"audioPlay":false,"sceneViewState":{"showFog":true,"showMaterialUpdate":false,"showSkybox":true,"showFlares":true,"showImageEffects":true,"showParticleSystems":true},"in2DMode":false,"pivot":{"x":-2.5466737747192385,"y":7.212530612945557,"z":27.374996185302736},"rotation":{"x":0.21282759308815003,"y":-0.018464433029294015,"z":0.004013909492641687,"w":0.9769297242164612},"size":29.692699432373048,"orthographic":true}