{"cameraMode":{"drawMode":0,"name":"Shaded","section":"Shading Mode"},"sceneLighting":false,"audioPlay":false,"sceneViewState":{"showFog":true,"showMaterialUpdate":false,"showSkybox":false,"showFlares":true,"showImageEffects":true,"showParticleSystems":true},"in2DMode":false,"pivot":{"x":21.1060791015625,"y":14.47492504119873,"z":-116.94605255126953},"rotation":{"x":0.007074841298162937,"y":0.9874173998832703,"z":-0.1510617882013321,"w":0.04624580964446068},"size":8.961808204650879,"orthographic":false}