{"cameraMode":{"drawMode":0,"name":"Shaded","section":"Shading Mode"},"sceneLighting":false,"audioPlay":false,"sceneViewState":{"showFog":true,"showMaterialUpdate":false,"showSkybox":false,"showFlares":true,"showImageEffects":true,"showParticleSystems":true},"in2DMode":false,"pivot":{"x":2.9391233921051027,"y":1.0105681419372559,"z":7.519573211669922},"rotation":{"x":0.3496236205101013,"y":-0.18596374988555909,"z":0.07101767510175705,"w":0.9155063033103943},"size":3.1091175079345705,"orthographic":true}