{"cameraMode":{"drawMode":0,"name":"Shaded","section":"Shading Mode"},"sceneLighting":false,"audioPlay":false,"sceneViewState":{"showFog":true,"showMaterialUpdate":false,"showSkybox":false,"showFlares":true,"showImageEffects":true,"showParticleSystems":true},"in2DMode":false,"pivot":{"x":0.27347898483276369,"y":1.1209996938705445,"z":43.33723068237305},"rotation":{"x":-0.26687091588974,"y":-0.5626788139343262,"z":0.1984098106622696,"w":-0.7568538188934326},"size":21.19235610961914,"orthographic":true}