{"cameraMode":{"drawMode":0,"name":"Shaded","section":"Shading Mode"},"sceneLighting":false,"audioPlay":false,"sceneViewState":{"showFog":true,"showMaterialUpdate":false,"showSkybox":false,"showFlares":true,"showImageEffects":true,"showParticleSystems":true},"in2DMode":false,"pivot":{"x":20.587383270263673,"y":15.44921875,"z":1.2051985263824463},"rotation":{"x":0.12746155261993409,"y":0.002971070585772395,"z":-0.00038176350062713027,"w":0.9918404817581177},"size":7.875044822692871,"orthographic":false}